<!-- This is only a config template which shows the settings for these AnalogueModels.
You have to define these settings in the config.xml of your PhyLayer.-->

<?xml version="1.0" encoding="UTF-8"?>
<root>
	<AnalogueModels>
	
	    <AnalogueModel type="SimplePathlossModel">
	    	<!-- Environment parameter of the pathloss formula 
	    		 If ommited default value is 3.5-->
	    	<parameter name="alpha" type="double" value="3.5"/>
	    	
	    	<!-- Carrier frequency of the signal in Hz 
	    		 If ommited the carrier frequency from the
	    		 connection manager is taken if available
	    		 otherwise set to default frequency of 2.412e+9-->
	    	<parameter name="carrierFrequency" type="double" value="2.412e+9"/>
	    </AnalogueModel>
	    
	    <AnalogueModel type="LogNormalShadowing">
	    	<!-- Mean attenuation in dB -->
	    	<parameter name="mean" type="double" value="0.5"/>
	    	
	    	<!-- Standart deviation of the attenuation in dB -->
	    	<parameter name="stdDev" type="double" value="0.25"/>
	    	
	    	<!-- Interval in which to define attenuation for in seconds -->
	    	<parameter name="interval" type="double" value="0.001"/>
	    </AnalogueModel>
	    
	    <AnalogueModel type="JakesFading">	    	
	    	<!-- Carrier frequency of the signal in Hz 
	    		 If ommited the carrier frequency from the
	    		 connection manager is taken if available
	    		 otherwise set to default frequency of 2.412e+9-->
	    	<parameter name="carrierFrequency" type="double" value="2.412e+9"/>
	    	
	    	<!-- Number of fading paths per host -->
	    	<parameter name="fadingPaths" type="long" value="3"/>
	    	
	    	<!-- f-selectivity: mean delay spread in seconds -->
	    	<parameter name="delayRMS" type="double" value="0.0001"/>
	    	
	    	<!-- Interval in which to define attenuation for in seconds -->
	    	<parameter name="interval" type="double" value="0.001"/>
	    </AnalogueModel>
	    
	</AnalogueModels>	
</root>